axis,wHoff,wJerk,rHoff,rJerk,nPeaks,T,D,Vm
2,0.440516622781687,0.340863935302209,0.581396575075063,0.616247216144786,2,0.341681700000001,0.005276098808064,0.015216623962052
2,0.836754344091484,0.563236156183760,0.380909684061457,0.487605148899399,3,0.375016500000001,0.004748665505568,0.012513105374933
2,1.122619960927076,0.973313562443568,0.007605458867728,0.033429038279148,2,0.216676199999995,0.004955396060545,0.022117277880663
2,0.421978576614137,0.352189478265452,0.661598293148922,0.652141115683867,2,0.275012099999998,0.014890952757445,0.052615533911817
2,0.274705573212584,0.126178326324753,0.891436546629990,0.949864978084590,1,0.183341400000003,0.012312832453491,0.064177674821264
2,0.808460387150208,0.531126074592381,0.467355791005009,0.573452484344941,3,0.391683900000004,0.005803313767351,0.014614594155901
2,0.958484443231523,0.663955717981370,0.229276785546017,0.334334203487877,4,0.425018699999995,0.005423548016545,0.012642123395748
2,0.477936678271319,0.339213413964219,0.534950120933137,0.580068163230213,3,0.383350199999995,0.003962550743905,0.010272556083088
2,0.562106756504722,0.580811318765134,0.549126909721822,0.530482300357318,1,0.225009900000003,0.006444579689042,0.027465226243190
2,0.695785893639068,0.538544272966247,0.196100933919087,0.301312759966436,2,0.208342500000001,0.003466059972342,0.015864611761560
2,0.744708933452680,0.661146822617892,0.266032117429189,0.318130324275014,2,0.183341399999989,0.003418489054113,0.017815815007763
2,0.644452848381022,0.504970375953982,0.192619084173054,0.265836259840615,4,0.483354599999998,0.008371506751906,0.017036050402798
2,0.577134618657261,0.422139904033349,0.386563052463660,0.486710670046208,1,0.175007699999995,0.004104539985393,0.022628392461765
2,0.293445364227882,0.136479008976451,0.935310695235282,0.958520424101566,1,0.133339200000009,0.003434999258289,0.024463417197072
2,0.228427441014972,0.232378549157475,0.909791449350444,0.897004882174495,1,0.108338099999997,0.004797091924538,0.041135513081464
2,0.251364260728893,0.117174496083091,0.916659360767262,0.958132756081704,1,0.150006599999998,0.006302635301449,0.039726180001644
2,0.285797897168794,0.356556991844956,0.841880475851267,0.790161698647311,2,0.383350200000000,0.003378637165241,0.008547177299639
2,0.748898288355520,0.500603555306996,0.451223061724205,0.536493504447900,4,0.641694900000000,0.013367931702819,0.020672650314984
2,0.557085881174901,0.367741916437085,0.695959131381625,0.706235404490059,5,0.808368900000001,0.018122512470782,0.022271277309064
2,0.546834819832609,0.437550129743315,0.457257086579591,0.517195190658165,2,0.441686100000000,0.008492032602781,0.018890737344715
2,0.608724937045813,0.420423127475521,0.293969250498667,0.421812164649333,3,0.475020900000001,0.008588705520499,0.017833115220029
2,0.560633631125901,0.408125870552420,0.397569885030414,0.514175906454766,3,0.391683900000000,0.004959920539539,0.012408481347373
2,0.263584374741489,0.395992901114521,0.892212727251106,0.807842939483238,3,0.700030800000000,0.007819063368423,0.010987572991856
2,0.289625474199934,0.215590928283350,0.918370628984824,0.879085128903657,1,0.208342499999997,0.003469930881965,0.016338973459343
2,0.607783907284194,0.520213278976638,0.310871982074676,0.323025024018034,1,0.316680599999998,0.004780308068205,0.014534854507478
2,0.606935812714816,0.420339629932575,0.267247913427459,0.367537166915006,8,1.083380999999999,0.021557957102074,0.019708605150690
2,0.689276057581233,0.474858141134117,0.810998552712889,0.752336213116539,1,0.258344699999999,0.003032484410335,0.011515532886298
2,0.526621692966518,0.360847471677401,0.475855509180238,0.530064214844733,4,0.441686099999998,0.004686124366299,0.010522974840323
2,0.562345299920798,0.534598831491524,0.459638608680195,0.445111175363106,2,0.375016500000001,0.005769606744571,0.015003313968601
2,0.253628048543893,0.282803561359331,0.847757441968826,0.807973595270303,4,0.541690500000001,0.008210875502436,0.014793978205150
2,0.575341818676068,0.382050566559622,0.595055029027167,0.657031359181989,2,0.283345799999999,0.003632625384792,0.012523626291397
2,0.513362365262880,0.500161118840127,0.575298312460883,0.559048190987020,1,0.258344700000002,0.003348455699848,0.012568600087984
2,0.379932044475126,0.316794177857156,0.681625954436387,0.715634895271367,5,0.833370000000002,0.012832799773120,0.015226617919795
2,0.869650617080017,0.549429055460147,0.791268712081004,0.807353653532668,4,0.341681700000002,0.006332176339541,0.018326102114787
2,0.314597521063091,0.223366126387335,0.791203651177173,0.811692080008065,5,0.891705899999998,0.016204126161662,0.017968404478697
2,0.659949413705098,0.499157288430758,0.080038226961053,0.125110649068528,7,0.908373300000001,0.016040638530169,0.017563747521863
2,0.319602805112887,0.222222727181772,0.931858111363225,0.887167051871482,1,0.200008799999999,0.003448957129400,0.016897731676514
2,0.347082798537215,0.278539915140787,0.795561256729991,0.771641863584803,1,0.233343599999998,0.003808466274808,0.015596166230046
2,0.851718121724650,0.548113932932049,0.839084533163532,0.839269070627425,2,0.416685000000001,0.005197838792432,0.012424923518656
2,0.604850593070817,0.375219300674447,0.560259046529972,0.685071766528500,2,0.308346900000004,0.007422930373769,0.023575608408312
2,0.783231811916042,0.509130254243860,0.669247383739725,0.709995058354769,2,0.316680599999998,0.003952745216486,0.012354900131781
2,1.153510728766749,0.923726973617617,0.025592017181534,0.050791200680054,2,0.283345799999992,0.003410622727597,0.011977548015997
2,0.530073370874009,0.355055413916648,0.486259292469801,0.565059153042590,4,0.550024200000010,0.010180875467240,0.018251638286889
2,0.583367172563176,0.410443651867724,0.245659874272011,0.343019699049652,6,0.675029699999996,0.012956290117937,0.019062641620411
2,0.781535269712797,0.583240108412907,0.005728829656488,0.047388906420964,4,0.433352400000004,0.007813176526083,0.017510083666447
2,0.658602659819248,0.478948192188424,0.193569120409718,0.273563705220510,3,0.416684999999987,0.005232894850035,0.012327168305121
2,0.706863770303414,0.469255875887251,0.478953101779689,0.574009485906524,3,0.466687199999996,0.006361300355251,0.013462053900820
2,0.311263851530818,0.309512923427782,0.768644053219118,0.722257591909900,4,0.633361199999996,0.011479660194088,0.017934830501295
2,0.605948413340395,0.468968704027880,0.258154204214308,0.306460346196304,6,0.833370000000002,0.017376328049387,0.020684799875766
2,0.354772911383347,0.284066628819619,0.887145322284142,0.844249154220915,1,0.191675099999998,0.003344931166764,0.017026605568122
2,0.736711775886180,0.505890368328415,0.571291639168744,0.604091386074260,3,0.558357899999990,0.012566343038300,0.022298907037105
2,0.671041318798714,0.453898839325000,0.396849331301163,0.501151955025888,4,0.516689400000004,0.009701962798460,0.018542915874198
2,0.235161799701553,0.197976001020487,0.893537629088963,0.910818362986691,2,0.350015400000004,0.003389873734133,0.009442324600780
2,0.243383379788237,0.137915105464111,0.886714269262519,0.939173114930013,4,0.525023099999999,0.005540400270980,0.010386357526990
2,0.407458649359897,0.222978143794916,0.884846138448351,0.897704004131005,3,0.391683900000004,0.005844100914085,0.014735500408595
2,0.458480507573583,0.319605044329726,0.536955296313797,0.619364551406538,6,0.916707000000002,0.019124161149952,0.020701281867368
2,0.556926993421345,0.499818569048873,0.473834015848683,0.512646429242155,2,0.300013200000009,0.007376230254401,0.023875753136309
2,0.598115873460481,0.428895404670689,0.343551624244463,0.439257885920051,2,0.425018699999995,0.008611819318224,0.019768017686722
2,0.256134785004363,0.334312091877269,0.877630438272622,0.798941963877724,1,0.183341400000003,0.004308933855047,0.022809700125205
2,0.347203207521321,0.227639869366699,0.791304004860144,0.818859253049069,2,0.250011000000001,0.003716542362532,0.014370614636122
2,0.490753527410882,0.461173273121145,0.465344097425099,0.417605163806767,2,0.300013200000000,0.003429071730023,0.011332479964491
2,0.338044945202465,0.311124726390412,0.769806623138954,0.656963463772855,1,0.266678400000000,0.003222066872547,0.011417163286426
2,0.135781119054299,0.270381488462573,0.973068648583295,0.891593924438220,1,0.125005500000000,0.003166596056022,0.024187685951745
2,0.478873354825403,0.332050920935789,0.522275435681387,0.635156729086201,2,0.316680600000000,0.003977634588357,0.012212462605135
2,0.666030084718311,0.455322796786242,0.433203606812862,0.553778773646169,2,0.166674000000000,0.003369821511490,0.019453198803270
2,0.550201736766954,0.568600114913377,0.481038859252231,0.424901815394254,2,0.275012100000000,0.004068019623249,0.014177650823140
2,0.371216806866822,0.283617840275579,0.728453950662238,0.721079348756860,4,0.433352399999999,0.013553291010971,0.030756811199648
2,0.303034459258362,0.210439768306581,0.868517650082398,0.893171298199979,1,0.125005500000000,0.003407586113223,0.025304927504446
2,0.455858260756296,0.404972374726895,0.593174237119184,0.584413047490269,2,0.300013200000002,0.004361587651488,0.014150455246945
2,0.797726147991742,0.701584177523851,0.075236774977309,0.072096317379516,3,0.541690499999998,0.005709999292669,0.010423915123994
2,0.483782616482541,0.376476064935668,0.498853527928631,0.540158431697279,2,0.358349100000002,0.003952569704967,0.010920543490797
2,0.651500131939002,0.505026373399619,0.270551191307637,0.351224094411191,2,0.266678400000000,0.007444582160140,0.026938761679408
2,0.521189312882400,0.445272338096368,0.509980886715496,0.553196848923633,2,0.266678400000004,0.007273924479208,0.026630834815599
2,0.416799411012848,0.233723465236314,0.747935530305118,0.845665797047033,2,0.183341400000003,0.005594436624864,0.029115385263777
2,0.388974835577421,0.282907701852210,0.690471134847009,0.747832416926035,2,0.291679500000001,0.003749996943541,0.012441011932536
2,0.093371367312113,0.175844843039216,0.990480948380751,0.951331482850501,1,0.166674000000000,0.006666599618648,0.038141519895899
2,0.600825080177679,0.486397957799206,0.325211698498862,0.403623191015233,2,0.375016499999994,0.007499544089054,0.019554582943261
2,0.616187233466727,0.527088185407077,0.334595479512532,0.382054718176385,3,0.500021999999994,0.015984185397831,0.031448187912233
2,0.593905714020085,0.539592561557750,0.480249630420718,0.507028964858663,1,0.125005500000000,0.004022225863322,0.030382542446557
2,0.476528264330577,0.451368846887273,0.573673875161165,0.560918621360451,1,0.166674000000000,0.004239739620233,0.023800460608785
2,0.277831950448834,0.109320993978765,0.905985135537604,0.963334452872752,1,0.175007699999995,0.004793445910004,0.026280421868273
2,0.620613847016354,0.486157978433603,0.276347654222240,0.369813590174509,3,0.425018700000003,0.007862528680389,0.018142013334511
2,1.358800941564932,0.979054838736541,0.125256610720939,0.207564091754865,2,0.283345800000006,0.003636369482306,0.012702352000637
2,0.391479614299195,0.295636637935267,0.686156831603115,0.734403143374280,2,0.358349099999998,0.005948864747080,0.016229506184677
2,0.624442178281238,0.469148184469739,0.250680335797991,0.351380232310761,2,0.225009899999989,0.005178659145860,0.022275706519994
2,0.864108650462280,0.663828881563886,0.018019385852936,0.072901133828929,3,0.275012099999998,0.006702484052820,0.023752785169272
2,0.513652012440385,0.323427645075305,0.529173332554728,0.665376699492759,2,0.258344699999995,0.004745205960031,0.017763736043824
2,0.276594409217221,0.162700947266022,0.872595188704259,0.916527146953805,1,0.175007700000009,0.003034090966120,0.016512733692314
2,0.674193446075889,0.569680923223565,0.241586292375815,0.305006723893008,2,0.291679500000001,0.003671807909926,0.012246688162315
2,0.234933527250503,0.271550033703786,0.883694209880782,0.829081494323303,1,0.333348000000001,0.008674888233063,0.025265964775151
2,0.290503668142623,0.162478261691895,0.916763971245939,0.935608145441040,1,0.250011000000001,0.007334853865883,0.028563522162052
2,0.551982874708010,0.365386189770004,0.378441860568350,0.537649813728620,2,0.258344700000009,0.003755360481314,0.014113024790100
2,0.421034548767379,0.417705634541749,0.657314561139429,0.586587843467503,3,0.450019799999993,0.009255902635394,0.020369250433444
2,0.441478360013373,0.342615784066848,0.679112626347344,0.652476822169402,3,0.275012099999998,0.004836606612891,0.017110958881199
2,0.162029370607345,0.243010469179899,0.950955459447651,0.915470580196272,1,0.208342500000001,0.006363938754329,0.029330853304506
2,0.878395380686310,0.809481605892978,0.206546157639501,0.245376600665490,1,0.241677300000006,0.003236186579116,0.013016193709885
2,0.772896853128322,0.650580592107428,0.116334771326187,0.153888962166207,2,0.258344700000009,0.053773354068083,0.201571457748988
2,0.191739426794720,0.065071583645146,0.981567770836184,0.990014641496141,1,0.100004400000003,0.018445973543670,0.171929321565212
2,0.247417494533510,0.185540470235896,0.892514286039352,0.897813476530452,1,0.308346900000004,0.072760422610958,0.229618940689427
2,0.447622133602063,0.254889417954922,0.742593998593699,0.835012576978829,2,0.225009900000003,0.015150685610891,0.065297037601988
2,1.062446526690450,0.856387831791178,0.026738060087314,0.000424839861067,3,0.333348000000001,0.024746097158592,0.072613391352755
2,0.291552436002970,0.224263941877149,0.855264582222402,0.857427064248487,1,0.341681699999995,0.041093204058192,0.117150604837044
2,0.403654508688133,0.284718378254885,0.720513912881483,0.748916367477635,2,0.275012099999998,0.028051060165900,0.099177820940818
2,0.719361840678478,0.651450143805128,0.325142247221841,0.366165477267224,1,0.183341400000003,0.011971704808494,0.062178325979091
2,0.854546000591103,0.659730998982062,0.163133779106277,0.258893661905327,1,0.116671800000006,0.003278405210193,0.026506420507406
2,0.896212964240687,0.748749485860195,0.143073070886151,0.209781291898622,2,0.225009899999989,0.006374889213424,0.027540967759396
2,0.517009419361889,0.370917860797843,0.478025234404506,0.537497049638661,3,0.283345800000006,0.005156533194062,0.017711775580713
2,0.940877367408379,0.816376246263571,0.076601272581425,0.123266282592423,2,0.241677300000006,0.007495230728871,0.030174993030702
2,0.462675186336050,0.622655675962235,0.845271458655433,0.736615623861572,1,0.225009899999989,0.005268010072192,0.022575262586275
2,0.626322655258118,0.487851365600720,0.334080327999888,0.421041558689449,2,0.200008799999992,0.005680097403261,0.027224347357296
2,0.501080674997964,0.572198712843834,0.672818075196163,0.609505776281754,1,0.291679499999987,0.003271697790124,0.010841670895301
2,0.618300722235717,0.608489781504466,0.500789399345124,0.496649044975489,1,0.225009900000003,0.005104282063820,0.021990178714927
2,0.528787325670953,0.409558042206736,0.417151558477998,0.473088564143880,3,0.350015400000000,0.006263914964882,0.017631323200281
2,0.151730346279967,0.075898778890858,0.985085513467340,0.988181024622978,1,0.150006600000000,0.005874085785148,0.037124780187012
2,0.444982851277678,0.348821253627085,0.612556414587146,0.647953591190880,1,0.225009900000000,0.004869175065933,0.021096355434359
2,0.541157472694140,0.394811976295947,0.450213590145171,0.547972299879121,2,0.283345800000000,0.006502778570301,0.022508571922402
2,0.451869007321216,0.334945288276318,0.584103895914289,0.605273255265066,4,0.516689399999999,0.012123927152938,0.023062933924152
2,0.790983396613761,0.638970182486806,0.083466650806557,0.162373371933970,2,0.383350200000002,0.005220072967142,0.013237515792078
2,0.561530689221507,0.508026251111458,0.415772383555767,0.433332878463481,2,0.500021999999998,0.007491811558071,0.014748164309514
2,0.498476329044343,0.348200009294394,0.431312297983049,0.499382220440581,4,0.491688300000000,0.005617044223950,0.011314405982088
2,0.358430766014273,0.329031690648638,0.761471740913786,0.761281610238712,2,0.266678400000004,0.003353464117637,0.012068170367525
2,0.421069713889724,0.337559233317929,0.661594275972372,0.694458188276746,3,0.358349100000005,0.003583700881431,0.009759422605536
2,0.520224083866138,0.435895293220241,0.490298056925884,0.531080366080702,2,0.291679500000001,0.003609153792998,0.012013711371174
2,0.422205342340486,0.357587832791603,0.666753435215894,0.652422869966865,3,0.341681700000002,0.006587668274207,0.018972233208701
2,1.037516386401365,0.878772100951688,0.039447670035197,0.061997808899245,1,0.291679500000001,0.003338047005942,0.011395945644020
2,0.512402814438019,0.459638417011847,0.597818131447166,0.586192318012177,2,0.233343600000005,0.005940071105143,0.024479652917515
2,0.496090913443648,0.413749060356261,0.568312464268011,0.604794341610419,1,0.141672900000003,0.003015802318912,0.020333164016446
2,0.482738378626116,0.455136115599392,0.535616493785429,0.515976346445609,1,0.208342500000001,0.003405193858839,0.015788487849901
2,0.499881098374127,0.346668192434324,0.518641812395327,0.603110571208456,3,0.391683900000004,0.006115471530498,0.015257569909902
2,0.255154961011454,0.161468517735981,0.937293470716533,0.919380715992631,1,0.183341399999989,0.003278179887150,0.017078800974486
2,0.713433906124874,0.627791914862886,0.275058285246123,0.328180590046680,2,0.308346900000004,0.005516547851672,0.017336881353057
2,0.543837644151753,0.505676203958273,0.539312287370925,0.558479004813187,1,0.183341400000003,0.003480679102451,0.018175799428471
2,0.588602059162531,0.391698699595976,0.307290549897400,0.469735731607205,3,0.291679500000001,0.005920519792232,0.019769490221302
2,0.225341088019636,0.335284055336556,0.910995715281430,0.849138154708753,1,0.233343599999998,0.003213140261242,0.013190855806030
2,0.132656740467941,0.319396897363557,0.974966747479481,0.881990392109512,1,0.125005500000000,0.004367155999629,0.033174874019884
2,0.660807259373781,0.488070652742517,0.336110599784812,0.435566848841975,2,0.233343599999998,0.005840692375453,0.024269675501994
2,0.251451349103609,0.230530154127422,0.867369518909938,0.847596731040050,3,0.491688300000007,0.014266432091606,0.028565662405752
2,0.231554342302615,0.403559234914967,0.938834127096521,0.840464258192844,1,0.133339199999995,0.003380087585944,0.023673106023594
2,0.461302422779061,0.463579589882126,0.657466239571977,0.629914049347251,1,0.133339200000009,0.003372412787071,0.023940586142221
2,0.900701222591943,0.743877364971359,0.471009713389002,0.468480546847298,2,0.250011000000001,0.005515450921702,0.021655510155651
2,0.170950508445772,0.269114898035145,0.945274571217221,0.892633333111221,1,0.183341400000003,0.005597118302098,0.029216626922699
2,0.745260603965317,0.617129824933986,0.202342777360389,0.281144361882400,2,0.191675099999998,0.003700971766358,0.018469021601284
2,0.383805288784137,0.401428026548363,0.706622980554132,0.631104833334613,1,0.216676199999995,0.003665585393116,0.015999756131009
2,0.288486053998391,0.418787048449029,0.868363326768728,0.755608628630174,1,0.191675099999998,0.003526803953399,0.017723123649099
2,0.468724568019234,0.435103507915945,0.617409249255189,0.623676489759277,1,0.241677300000006,0.005983887896946,0.023735111707847
2,0.491993913888094,0.324196255192943,0.520398355068516,0.659492044230058,2,0.258344699999995,0.003083813436963,0.011539402084291
2,0.454764454424931,0.471808936357323,0.666102395890595,0.624928483929328,1,0.166674000000000,0.003881411926638,0.021971476562609
2,0.787696222464906,0.740827485296941,0.239860395053307,0.253678140844543,1,0.183341399999989,0.005249754762126,0.027015316684400
2,0.241541276787739,0.296156218998150,0.879526187055350,0.764108633250547,1,0.200008800000006,0.003081050147827,0.014532040281664
2,0.208260187726640,0.223034507986974,0.908196958012092,0.873646485199830,2,0.350015400000004,0.003865454283027,0.010723514493079
2,0.620135394960020,0.446103584231296,0.426404391447378,0.519254828251298,2,0.241677300000006,0.003543795781839,0.014106003362708
2,0.227698280940884,0.039453049472607,0.957172283157914,0.996285682580757,1,0.150006599999998,0.004100537807383,0.025890162625503
2,0.337230091427895,0.423309945062033,0.829577212904235,0.781186839799063,1,0.266678400000004,0.005286064166044,0.019173334180906
2,0.408021081498624,0.388255310345283,0.601620657961361,0.569153621322876,1,0.225009900000003,0.003723175193084,0.015629593417176
2,0.454712219687971,0.343495258978071,0.537504803919426,0.578066547552852,5,0.716698200000000,0.010739259743851,0.014860466097412
2,0.799264264604112,0.544300549649962,0.189121603032069,0.333214249418291,4,0.341681700000001,0.004335916820183,0.012475699846086
2,1.276088358732141,0.858216479107826,0.371192772771615,0.508472427435848,2,0.300013200000002,0.004610463642458,0.015178863833125
2,0.485744327251952,0.560606188745270,0.700613371891586,0.642851409392773,1,0.325014300000003,0.003732125047919,0.011185024770484
2,0.607980029827202,0.468118695396919,0.314215524847682,0.364943632564426,1,0.258344700000002,0.003251350101964,0.012129301296026
2,0.573646091153556,0.344626229855262,0.549843697181360,0.701372975148564,3,0.308346900000004,0.003328386418531,0.010557972276609
2,0.999723759940399,0.689145327919227,0.195535722074760,0.323268425224913,3,0.408351300000000,0.005472576433329,0.013235863489918
2,0.790270130694809,0.600158477027155,0.067286113708240,0.111552948138192,6,0.808368899999998,0.016653135859635,0.020419859679125
2,0.680000521949564,0.508803553454512,0.270974814918175,0.351253865130232,3,0.400017599999998,0.005401407329921,0.013261592706685
2,1.012801771359197,0.722806333623982,0.186029130252988,0.275893395642624,3,0.433352399999997,0.007090066021143,0.016172808943998
2,0.407313110067844,0.262852137262790,0.782499794620222,0.813733730497978,1,0.225009899999996,0.003228113223301,0.014067656700678
2,0.464461859584606,0.279883015328017,0.694282145750639,0.770796929628518,2,0.383350200000002,0.006453332822162,0.016509140552345
2,0.600861528392937,0.435529521789158,0.431914592648614,0.477488798069152,3,0.366682800000000,0.004779701961722,0.012931958960672
2,0.951074007677310,0.659704064112079,0.287969667464236,0.400046086422917,2,0.241677299999999,0.003007804792149,0.012351377874319
2,0.581809255958652,0.382595385175458,0.569893172752890,0.654877794680838,2,0.225009900000003,0.003935414900003,0.016969484225475
2,0.307919415605495,0.228032803789416,0.880649909661059,0.876938788911931,1,0.225009899999989,0.004555455431355,0.019745421092614
2,0.712240227559256,0.529913129674230,0.205525685792415,0.294521213515872,2,0.341681699999995,0.004898602541157,0.014034114515291
2,0.799502773159857,0.575754951557581,0.078830221071125,0.166591961611315,3,0.441686099999998,0.006107003468160,0.013713540834009
2,0.732851888153100,0.429415385627830,0.843907363422042,0.907298695535800,1,0.191675099999998,0.003175394956716,0.016160946711834
2,0.642412744718463,0.670009170203614,0.482876221028637,0.448940160444398,1,0.316680599999998,0.004683236179737,0.014463195525188
2,0.582132014841038,0.354054621459887,0.743204748263284,0.793184691124614,1,0.391683899999990,0.003808006161010,0.009618883302906
2,0.465437028789663,0.343691687267864,0.552059360642687,0.565655337695821,2,0.366682800000007,0.006947359993685,0.018525037686707
2,0.841830687472439,0.616583896307529,0.025645054284599,0.088377425844581,2,0.325014299999992,0.006460282872212,0.019629772114351
2,0.565417077668255,0.327377385773632,0.736631907078954,0.818228895273580,3,0.350015400000004,0.006286071582105,0.017650272705647
2,0.537176389240063,0.409373043085706,0.382760948740689,0.459699656739240,3,0.466687200000010,0.005880103098704,0.012359026103567
2,0.838012262042352,0.550218090673050,0.519372441123874,0.616407395290120,2,0.300013199999995,0.004097684672343,0.013499335249278
2,0.409077547353557,0.331804514266595,0.726701912494318,0.762605261753737,2,0.275012100000012,0.004492443969326,0.015912037646451
2,0.455573576811583,0.275953039044207,0.600843933487114,0.722950993644339,4,0.475020899999990,0.005943146093629,0.012280031293788
2,0.806836700291809,0.504973283619070,0.673392427989008,0.752413683167816,2,0.375016500000001,0.006231514635344,0.016427999009861
2,1.011699464039413,0.733190896412123,0.063543616975711,0.138336109055922,3,0.541690500000001,0.010545810541324,0.019272106889115
2,0.746201297188979,0.597529634076208,0.111902258755864,0.166716242625034,3,0.341681700000000,0.008012062581760,0.023106480051064
2,0.786998344971252,0.598863759656514,0.011434798509560,0.067543152062827,2,0.525023100000000,0.012060887490293,0.022578001876783
2,0.639921709588988,0.533881146234172,0.333768827453671,0.401915509998761,1,0.266678400000000,0.003013656972093,0.011007176303852
2,0.408296922889754,0.471567796284664,0.746315058573659,0.708583828813437,1,0.516689400000001,0.012678736045634,0.024153646098220
2,0.650703146127741,0.428553707455134,0.342845160783472,0.486725708209106,2,0.383350200000000,0.006056069023115,0.015655612238521
2,1.363039010130696,1.044360414686615,0.024236954056228,0.042094941007108,4,0.558357899999999,0.009907304844192,0.017609538800760
2,0.535038902991837,0.364673511720420,0.405355400419364,0.490074050061154,5,0.558357900000001,0.008060275736765,0.014215824457490
2,0.317859808210263,0.316138464837588,0.941551766462630,0.861120168020608,1,0.183341400000000,0.004551933455593,0.024122032185378
2,0.226813925020052,0.268922778310380,0.899433805322570,0.863665181520322,1,0.333347999999997,0.003657352562811,0.010730001587781
2,0.713453096598803,0.564706313367319,0.126015593891520,0.204141102078263,2,0.541690500000001,0.010049590931282,0.018183595637856
2,0.466378685591441,0.348952937018383,0.493401557661444,0.566561726513425,3,0.408351300000000,0.006174449599716,0.014697790148463
2,0.467221587188005,0.336978202421386,0.575099774630269,0.612763767459016,2,0.316680600000002,0.003182850430900,0.009773608231590
2,0.486970285168276,0.338158213697892,0.569234471483036,0.648590951992190,3,0.383350200000002,0.006242379585056,0.015909665508254
2,0.180245193694196,0.217253754078304,0.937240851892802,0.898802260790231,1,0.216676200000002,0.005590719083277,0.025064664356738
2,0.568710094295315,0.416006216114132,0.350155986275736,0.443681812435063,2,0.358349099999998,0.007574672072105,0.020649407036278
2,0.504920082674738,0.353621544253360,0.592533471474441,0.669021436402493,2,0.300013200000002,0.004998413891993,0.016342950161070
2,0.595565206520435,0.414880736445103,0.405164795626087,0.433948741533593,9,0.991710300000001,0.016006595525067,0.016083790924956
2,0.328258364909428,0.252454969504029,0.860111042456538,0.827997611453398,1,0.350015399999997,0.003574892139732,0.010007371133186
2,0.323580127282941,0.230566108115627,0.830398934888004,0.844373197073714,2,0.241677299999999,0.004718180916895,0.019140466735157
2,0.295473255531610,0.261098271596076,0.838607156600218,0.821499552148666,2,0.266678400000004,0.008080979665661,0.029677722442506
2,0.493817394319394,0.379372738347680,0.533953803756618,0.583468261295458,2,0.308346900000004,0.004390505092211,0.013731734793858
2,1.039685740950569,0.773108195042747,0.083817568933843,0.124649990325345,4,0.575025299999993,0.008626110731689,0.014866007048146
2,0.556405516465341,0.455631539683011,0.367209742920805,0.395347965592914,3,0.475020899999990,0.004897534074269,0.010095589756514
2,0.561863918549730,0.454030268442517,0.678027460965899,0.630862133985732,2,0.225009900000003,0.003049684977752,0.013411925429256
2,1.047731079190271,0.947486994868945,0.002294079219986,0.000038331091997,2,0.466687199999996,0.005055390105673,0.010501570946300
2,0.352103445907747,0.186756049986175,0.822606387519132,0.880527476674144,3,0.450019800000007,0.007161009373950,0.015715022097863
2,0.386508108926085,0.264071653641963,0.675370429675432,0.755389521513418,2,0.316680599999998,0.004430865502432,0.013525335739030
2,0.567902293814030,0.423909618031172,0.336404879155060,0.402899764132890,2,0.366682799999992,0.005955899289819,0.016049188873428
2,0.815451671076967,0.589737247271877,0.189155713778718,0.289205220796661,2,0.241677300000006,0.003164187609675,0.012750526024947
2,0.552713333667567,0.383895012116754,0.358965127858048,0.492844756743393,2,0.341681699999995,0.004960040458816,0.014220486921045
2,0.448501817152740,0.541892391476704,0.702028509343525,0.596980601051451,1,0.308346900000004,0.003163160556225,0.009734802482808
2,0.358574648175668,0.337453357804293,0.754141058449800,0.724555463389504,1,0.300013199999995,0.003929840758231,0.012805470152700
2,0.449948718848341,0.457981235751318,0.652104443061932,0.623783561558991,2,0.408351300000007,0.008778405575272,0.021130678477747
2,0.783990872065100,0.656234182935192,0.158518752461904,0.215501506468490,2,0.333348000000001,0.007078326513868,0.020685309147190
2,0.882340807876293,0.687216070216387,0.347006206573196,0.390165183128422,3,0.458353500000001,0.009436315419165,0.020366824600040
2,0.346550541794613,0.200615880117864,0.832017114260892,0.866761560889207,1,0.316680600000000,0.003706939561769,0.011419101594108
2,0.773835168938850,0.607129487470218,0.081457843977163,0.156127293402481,3,0.575025300000000,0.009779982471681,0.016813934473627
2,0.598743271168716,0.427680601265896,0.359937071459266,0.481192925713051,2,0.291679500000001,0.003762875811005,0.012618767041910
2,0.441275386138501,0.301670845919113,0.599672309224327,0.662472023286282,2,0.383350199999999,0.004175709631173,0.010792506134958
2,0.580900825146947,0.462835619662819,0.377316728491731,0.470412410524729,2,0.400017599999998,0.006784721269830,0.016611171054880
2,0.573133668248895,0.505949018602696,0.355121634147637,0.337288179049920,1,0.300013200000002,0.003061870130705,0.009881503269108
2,0.535657648714554,0.313436414232823,0.760688265422069,0.838695236554583,2,0.250011000000001,0.003461343993558,0.013487750193732
2,0.488074392493952,0.339445046310161,0.717201329590687,0.732091625812450,1,0.208342500000001,0.003055742328082,0.014438979702000
2,0.502356274416633,0.422164603715909,0.455382798033623,0.451230706736948,2,0.250011000000001,0.004236142203914,0.016515223135140
2,0.395393561711107,0.205183839975879,0.915737224260611,0.942327974429340,1,0.233343600000005,0.003114820121684,0.013138478605800
2,0.461982568169710,0.324466800216458,0.678289199690590,0.692788909085574,2,0.375016500000001,0.004214869310682,0.011024134019701
2,0.548247740171308,0.296608329832742,0.983979144550615,0.959500388603836,1,0.208342500000001,0.003299255405934,0.015476474878441
2,0.784431951011966,0.737864478070148,0.278340230457368,0.305646866958246,1,0.391683900000004,0.003979033319371,0.009909509057687
2,0.390855210380032,0.270224741918269,0.763282803345533,0.759893405817798,1,0.258344699999995,0.004167157750436,0.015827621202757
2,0.251924047760470,0.279682753450841,0.842309861026347,0.777962364823894,1,0.250011000000001,0.003454932333959,0.013484875316232
2,0.667837112266724,0.420317779552402,0.557201713228164,0.677291945472299,2,0.358349099999998,0.004958530706568,0.013687170859512
2,0.729642173253504,0.567038065143641,0.043296549149833,0.066496873648116,5,0.500022000000001,0.009597968254999,0.018891394810825
2,1.126106906566452,1.047566420029370,0.026763938919616,0.051137144794209,1,0.325014300000007,0.003487907040519,0.010374981588009
2,0.499536462201482,0.439014399126767,0.535248412917223,0.585838872800190,2,0.325014300000007,0.005128837559600,0.015382496677913
2,0.441857241705096,0.270368794928679,0.635218377577085,0.734148535087151,2,0.325014299999992,0.004393419840969,0.013382077081923
2,0.350267589938064,0.479827105449013,0.854825222945191,0.773193526383509,1,0.241677300000006,0.004026432025921,0.016051232579408
2,0.421909749995826,0.455885978179693,0.717600666994987,0.703643597355757,1,0.316680599999998,0.003272491251155,0.010050429479617
2,0.274033297859966,0.359730729182057,0.873380154790357,0.818877142891255,1,0.258344699999995,0.005781246535204,0.021704372063942
2,0.201835252866710,0.197435595640710,0.929637776327067,0.905186420281582,1,0.258344699999995,0.006047333543012,0.022800149142825
2,0.579600234449582,0.441994627802684,0.286001992304801,0.380145181403872,2,0.283345800000006,0.003687898715340,0.012723640736949
2,0.671924003282179,0.614320070901800,0.355694149189498,0.393269067997081,2,0.391683900000004,0.012194450490031,0.030496190685108
2,0.418849231777024,0.344166218172234,0.673997181093824,0.706170036823856,1,0.183341400000003,0.004507620625049,0.023642414097166
2,0.440348552658162,0.317104068994403,0.646877356383751,0.708101580922863,1,0.233343599999998,0.003117267322860,0.012922886722719
2,0.434767038652505,0.346844215274447,0.609177826056100,0.628282036581988,2,0.275012100000012,0.003705318825507,0.013045473802852
2,0.568326414658659,0.427400302628462,0.385550685604600,0.467925525987902,1,0.258344700000009,0.004151086870093,0.015584173005342
2,0.510587304152633,0.308229583047784,0.663019909671304,0.781584603997446,3,0.408351300000007,0.006090231180350,0.014758152253550
2,0.579095439297291,0.522396810558375,0.421407684977724,0.409894019575143,2,0.416685000000001,0.005094385789496,0.011945282476064
2,0.714096351724838,0.528372237013419,0.086411444521635,0.183488904790868,3,0.333348000000001,0.004632974191423,0.013549981470658
2,0.744610144347481,0.618956018752693,0.163136926501764,0.221911970186774,2,0.366682800000007,0.012365506770111,0.032998108455688
2,0.765646578501095,0.712381880127028,0.247753636721018,0.266085484139679,1,0.266678400000004,0.003732791338726,0.013541888704513
2,0.583101004176998,0.522715290531611,0.229970760000259,0.212475543542532,2,0.366682799999992,0.004168221383925,0.011019754474093
2,0.802927767578509,0.816425310643681,0.424333663298895,0.421045341170854,1,0.391683900000004,0.005235111130114,0.013112337228372
2,0.471886073476380,0.300675458815732,0.750321015326586,0.777505735930978,2,0.250011000000001,0.003294469122143,0.012806519922924
2,0.263241431428316,0.099879754939222,0.922895572076526,0.964752830781730,2,0.433352400000000,0.005138750686993,0.011639611808953
2,0.256369988456866,0.175326657277673,0.887160157111365,0.908836710395352,2,0.233343600000000,0.003096210304404,0.012946215438095
2,0.413623125217001,0.239674796258783,0.697905133067421,0.792435661839375,4,0.425018700000000,0.004498982143183,0.010485491197400
2,0.615485690968188,0.388662693388749,0.440963067676829,0.592643282627101,4,0.475020900000000,0.009184918852404,0.019050753427657
2,0.549638848753964,0.335230594445911,0.610932370728193,0.728634800261361,2,0.258344700000000,0.004201701477380,0.015964473803036
2,0.468983566739116,0.476876375935158,0.589419495214432,0.515254150041452,2,0.275012100000000,0.003240779077814,0.011317104255143
2,0.362398091010735,0.200635227379648,0.779048043311849,0.847931316646955,4,0.466687199999999,0.008493723851353,0.017804039014125
2,0.144188517644668,0.245451826070444,0.961525830003324,0.908908035039430,1,0.158340300000001,0.003635682494716,0.021861376983896
2,0.748252127742989,0.569495471190820,0.065851731551247,0.107911304676594,3,0.550024200000001,0.010943408160277,0.019624143987207
2,0.282301193913054,0.273774376410113,0.804903930094490,0.790750583373486,3,0.416685000000001,0.004223328920502,0.009821959096693
2,0.236261220180748,0.316335693861066,0.872311776322903,0.802376421115782,1,0.275012099999998,0.004334213740781,0.015091957842552
2,0.566480464798649,0.361753515727059,0.509179064744962,0.632945849427315,3,0.300013199999999,0.004221883300441,0.013729375823318
2,0.323569491522023,0.322141241179391,0.761726552438810,0.739756221908294,2,0.400017600000002,0.006818724526228,0.016517617433736
2,0.684955313157644,0.444647129163881,0.533608225678918,0.626541610496015,3,0.358349100000002,0.004287816963289,0.011767773013591
2,0.477387692019238,0.417544846105093,0.586044697951074,0.612372308020085,1,0.175007700000002,0.003247935579692,0.017824708053573
2,0.234673225487775,0.353081218810785,0.905905327641806,0.794874201721090,1,0.158340299999999,0.003184688204088,0.018812281261414
2,0.255282974631765,0.286092139220533,0.873594105493679,0.813054101861313,1,0.266678400000004,0.003850748547827,0.014174260339218
2,0.346037462598620,0.289823773628430,0.806555394963356,0.815349547553862,1,0.100004400000003,0.004352329245410,0.040773130545985
2,0.153073510368352,0.087468782391034,0.978676936492546,0.984582430271585,1,0.166674000000000,0.003919998895915,0.022412668609694
2,0.655197753775851,0.529700191531966,0.123887970709312,0.157483446658005,5,0.758366700000003,0.007966451436783,0.010447262459627
2,0.264797332616126,0.211038780468586,0.850531526293050,0.864851365892959,1,0.541690500000001,0.008752686643998,0.015869685699699
2,0.417709619068234,0.449630927779622,0.673183162422557,0.623517176722386,1,0.516689400000004,0.006711646681637,0.012693981368443
2,0.615487160860546,0.448910020733645,0.484417156146103,0.540426322231842,1,0.233343600000005,0.003524525370940,0.014729726036678
2,0.492369952924097,0.336395318883332,0.569550284275910,0.667725612842962,2,0.383350200000002,0.005268446578891,0.013383848810696
2,0.874821979924873,0.655732012897399,0.109414061952414,0.205052577837140,2,0.258344700000002,0.004444212284450,0.016876773107471
2,0.485981996102045,0.366559764931059,0.525032924335604,0.556511970812250,2,0.366682800000007,0.004729047876602,0.012794242759795
2,0.536867252371809,0.405834026379250,0.856018633032091,0.786124817978678,1,0.300013199999995,0.004696923651380,0.015403633364773
2,0.446571504539956,0.450358538622916,0.663507257171600,0.657498042787128,2,0.433352399999990,0.004251240735540,0.009636573648049
2,0.267424247698167,0.112548333888146,0.917356600391493,0.957964749639274,2,0.316680599999998,0.003015916957764,0.009341214372183
2,0.496712429167628,0.307730220719033,0.645169625993788,0.746014428063526,2,0.283345799999992,0.004741107330064,0.016398457634870
2,0.566539677114576,0.385882970431370,0.301658504363229,0.430104115190845,4,0.533356800000007,0.008534820582189,0.015807878696030
2,0.846342162377025,0.553729462857645,0.695569308157955,0.761408564703695,1,0.258344700000009,0.003378123321035,0.012979710337170
2,0.491725522602716,0.345318451393635,0.536739335596521,0.607642361863133,1,0.216676199999995,0.004552714537495,0.020243381082324
2,0.297986712783392,0.282541514324187,0.834667017472202,0.823047359295616,1,0.158340300000006,0.005206170829158,0.031173951734554
2,0.212938691477647,0.052378927427084,0.969436136536411,0.992441183967636,1,0.133339199999995,0.008006217569628,0.056930994596536
2,0.208542899898796,0.106170154801382,0.942555330169254,0.967458942032750,1,0.183341400000003,0.011040532481123,0.057626984893677
2,1.442267083430244,1.144571308311801,0.004512378125537,0.024194611141389,3,0.358349099999998,0.005976287915572,0.016484675805960
2,1.024118067781139,0.780769411578541,0.234137892890098,0.299267384701008,1,0.233343600000012,0.004933389182776,0.020734106337504
2,0.371243082221817,0.276510636383118,0.771218090372403,0.744896021182890,1,0.250011000000001,0.003104872342569,0.011997054454163
2,0.656387939836467,0.390629825159067,0.794129038314367,0.854440781539572,2,0.308346900000004,0.005075574917119,0.016173545246026
2,0.661725099634961,0.508741290156359,0.141258997756961,0.181029813047771,5,0.508355699999996,0.012443135011305,0.024153761236936
2,0.496339195338073,0.385506094359179,0.534524708991761,0.583391418097157,2,0.316680600000012,0.006393841123997,0.019704919780009
2,0.483950303808480,0.525620935379620,0.665301469083600,0.632021852342620,1,0.283345799999992,0.004496466968166,0.015492550324716
2,0.519900628694240,0.562714872366595,0.535089527844495,0.474049478996534,1,0.341681700000009,0.003545574762707,0.009918205717032
2,0.301542776673680,0.424232969317053,0.857026601806724,0.758624780727706,1,0.283345799999992,0.004489404331115,0.015314885504800
2,0.708990446305029,0.656129701882832,0.316288141162631,0.344117065418162,1,0.225009900000003,0.003944396597460,0.017006585206317
2,1.112500027743424,0.923539806124361,0.001513878263290,0.004164057334013,3,0.408351299999993,0.007730176247572,0.018748654581070
2,0.663746519616677,0.603411609585113,0.361304794199631,0.404397043331960,1,0.316680599999998,0.003566120030960,0.010966541675312
2,0.602233787342726,0.453970615064190,0.655228921952458,0.642972233536592,3,0.333348000000001,0.006894653876935,0.020413775440539
2,0.647052862023130,0.494959146730481,0.346269263701552,0.401076305451967,1,0.200008799999992,0.004380925178796,0.021402936303606
2,0.428581955769668,0.290082952023949,0.685788698723152,0.706122856877462,2,0.350015400000004,0.004538011496749,0.012565801516568
2,0.577469918810001,0.536246402212941,0.385009722900654,0.392258212980953,2,0.483354600000013,0.004264399282652,0.008691211026765
2,0.467684909176737,0.289670694363912,0.713038768819372,0.769635137618425,1,0.300013199999995,0.003375813114932,0.011166523338174
2,0.149014783296241,0.244480483764917,0.953673969792673,0.896108942157930,1,0.450019800000007,0.006427157560119,0.014063005904797
2,0.727439910527755,0.685682724289270,0.242680828729932,0.253168136087343,1,0.316680599999998,0.004493169536492,0.013659684129841
2,0.420199390365341,0.328506247581805,0.610602130272424,0.605166710900169,2,0.283345800000006,0.003453170217970,0.012054322304288
2,1.173156959555001,0.804762879210743,0.259744616364242,0.390028464490631,2,0.258344699999995,0.003739389326432,0.014241304557256
2,0.640732505698687,0.550544139971135,0.311064242387259,0.356987427313908,1,0.325014299999992,0.003070432371573,0.009194317845360
2,1.283334036961990,0.825540018594873,0.916520066059525,0.953748256436935,2,0.233343599999998,0.003262064094690,0.013795955028813
2,0.412125570247111,0.324200455756103,0.684341006407242,0.682881284931573,3,0.600026400000004,0.012275619826033,0.020199259210296
2,0.916962184302692,0.942831621285436,0.321944491321653,0.296419617021030,1,0.483354599999998,0.004241701070208,0.008544422263326
2,0.414159129082639,0.395310266887398,0.691110106637029,0.650747058455618,2,0.225009900000001,0.004500698577711,0.019319123334508
2,0.278758951520189,0.326467318593635,0.870177034692909,0.834251715816021,1,0.125005499999999,0.005101643848701,0.038457789701272
2,0.522035846544361,0.479705899367522,0.609478323233312,0.614961127872381,1,0.116671799999999,0.003406885005061,0.027577179975629
2,0.502170467357475,0.389827766196273,0.522920087674591,0.600758177801382,2,0.300013199999999,0.005502627741028,0.017867833007041
2,0.267408448808623,0.317311590211671,0.862678960300437,0.822073677872089,1,0.183341400000000,0.006843336466732,0.035449399027706
2,0.529479701485542,0.443565688750868,0.375586113162330,0.398876120901447,2,0.366682800000000,0.003370784963990,0.008891871179110
2,0.820080448656558,0.764975084296687,0.217561562524913,0.237798443814196,1,0.350015399999997,0.010986944393917,0.030737031206829
2,0.478534332535485,0.277513417905618,0.600660086567976,0.759863926244857,2,0.200008800000006,0.005887746147645,0.028212907440574
2,0.587509684986201,0.505935330520069,0.421202114349630,0.475339598992702,1,0.208342500000001,0.003662628390130,0.016788832148631
2,0.240450283857597,0.201095623830881,0.896815283023061,0.879645357966420,1,0.358349100000005,0.008393056574964,0.023061651190895
2,0.455606077215126,0.394886237272633,0.542376070508856,0.562451753728561,2,0.566691599999999,0.014569682138652,0.025292173137308
2,0.313794998133305,0.181192938167224,0.918596953323084,0.920369230296131,1,0.208342500000001,0.006999057582038,0.032103611423011
2,0.361136971726521,0.259331222734003,0.771362535311545,0.799198219950809,1,0.258344700000002,0.014873168995400,0.055861878123773
2,0.640230355188663,0.464424243489125,0.199617325080216,0.323109012453561,3,0.441686099999998,0.011415025706848,0.025334675833309
2,0.257262543428491,0.335572196331914,0.883043209497566,0.788796282259202,1,0.316680600000005,0.005627961983745,0.017279563503399
2,0.386390940179919,0.432478516599826,0.740278513469476,0.679920570169991,2,0.258344699999995,0.005900959463004,0.021845515592600
2,0.592001357634733,0.512257767639112,0.359415580270641,0.396950558787660,3,0.508355699999996,0.008060065557104,0.015593555178498
2,0.448038316806155,0.373901621194078,0.523118684973391,0.544362267727769,2,0.350015400000004,0.004932740341580,0.013898683523082
2,0.583130689264776,0.435672369611703,0.322968451768378,0.417675363846559,2,0.216676199999995,0.003166001445564,0.014169749681987
2,0.540496606122938,0.403401578587603,0.491281319464202,0.525424310448986,3,0.333348000000001,0.004578891778193,0.013260288852450
2,0.402368408024409,0.323787634289251,0.698399600420234,0.738925051204138,1,0.141672900000003,0.003048560537298,0.020168066640259
2,0.606659373526284,0.569733472454752,0.440447674736947,0.459770411953194,1,0.216676199999995,0.003429390552796,0.015162641889014
2,0.320151479333862,0.244995182758072,0.771954520035576,0.762601817485495,2,0.358349100000012,0.004451250971278,0.012255635423303
2,0.645255999787343,0.533710087565435,0.256360550365463,0.260188435640072,3,0.441686099999998,0.009281736952320,0.020604361694746
2,0.763693071584917,0.660216332268031,0.180656803212107,0.228871622515584,2,0.358349099999998,0.008845233998323,0.024132547981837
2,0.529741724005446,0.403924123090272,0.464484426292101,0.521707746401632,2,0.441686099999998,0.010553269502990,0.023476151278778
2,0.190182888393954,0.196181639546551,0.930075073275251,0.935409550594368,1,0.266678400000004,0.012023913918867,0.043670739889734
2,0.360004495077253,0.418765571887940,0.804381175171642,0.764112773935504,1,0.166674000000000,0.005209403102249,0.029802492929372
2,0.336003490688139,0.148505749674135,0.847348616638184,0.934190678402192,2,0.225009900000003,0.004301777745704,0.018480686268736
2,0.374326489615073,0.284146930209751,0.719961113086348,0.741912726590314,1,0.258344699999999,0.003547589994720,0.013508217122787
2,0.416917979586557,0.308823903655564,0.631478461930552,0.650005291822727,2,0.283345800000000,0.003164796753615,0.010727099552386
2,0.651151884497568,0.720273424710508,0.560122315808023,0.494592748953711,1,0.358349100000001,0.004355671329135,0.011857326859582
2,0.290555506835410,0.188715277130943,0.861575389485376,0.880479693816890,2,0.300013200000000,0.004567947857954,0.014996257829455
2,0.191178800237030,0.303911799147998,0.911043879396851,0.812014306173950,1,0.308346900000000,0.003648979468790,0.011313395164434
2,0.301920759263138,0.332844089213290,0.819543013051858,0.766086978416211,2,0.366682800000000,0.003636231429613,0.009738339368200
2,0.347430480566568,0.374126474335029,0.745139161777025,0.710942746477458,3,0.566691599999999,0.007434668300995,0.012866898304208
2,0.245413746948222,0.320099342161993,0.884849857614718,0.839313260125320,1,0.366682799999992,0.005061185663642,0.013427279555878
2,0.355291037408608,0.307406684044727,0.713576311292986,0.677084980504597,1,0.308346900000004,0.004530565526120,0.014535104295326
2,0.507967780690148,0.527544194000785,0.597680296219709,0.567175768646835,1,0.208342500000001,0.003024524761318,0.014051999739918
2,0.203271691548950,0.148788444787654,0.963742925905627,0.953338393733411,1,0.175007699999995,0.003164708553623,0.017384919762152
2,0.382077319771448,0.297613968556842,0.662652889770974,0.665582730895864,2,0.275012100000000,0.004468896656649,0.015491365534913
2,0.576487014598571,0.334084025660157,0.821114320584614,0.855639396616769,2,0.375016499999994,0.003573334703577,0.009389150995340
2,0.376183792298860,0.289521353581884,0.710085412232065,0.719100322478180,3,0.733365600000006,0.011820377586252,0.015868232464164
2,0.517706479342606,0.335623215612647,0.513240295778105,0.611605019519319,3,0.416685000000001,0.004932597075350,0.011598847027240
2,0.322101826229382,0.340336162987578,0.791816597424316,0.729115231880635,1,0.250011000000001,0.003726761600952,0.014426993639748
2,0.688281470678706,0.429937376658765,0.609548610545027,0.739291764994511,2,0.291679500000001,0.003922441512565,0.013172932461118
2,0.508969483291469,0.607617968390644,0.676524263055453,0.570904009598797,1,0.383350200000010,0.003114952268178,0.007850618485884
2,0.586822650890115,0.540771390788974,0.440233038579045,0.456287234223750,1,0.308346900000000,0.003061328556356,0.009603509594445
2,0.362223166408260,0.349958938369927,0.753513187092635,0.758043911767862,2,0.266678400000004,0.004855444260765,0.017689413621055
2,0.219081715821650,0.196732316959448,0.912310909875743,0.873657905673290,2,0.325014300000007,0.003114083027497,0.009400620361929
2,0.556794915970021,0.368876999804456,0.437674627794300,0.550408135057127,2,0.316680599999998,0.003874018560901,0.011875297977040
2,0.385625972899539,0.430180348835033,0.754584615692065,0.714180138502029,1,0.216676200000009,0.003429935749840,0.015271794874138
2,0.316189232756241,0.274715926384393,0.783285591476443,0.794086710881807,2,0.525023100000000,0.006950399473503,0.013043017325024
2,0.212058880461199,0.388747232082542,0.942083597019500,0.833533198077787,1,0.183341400000000,0.003169111515348,0.016317624838132
2,0.111401397250763,0.234247950932093,0.974591286378384,0.935552084552398,1,0.316680599999998,0.007697245786254,0.023695443714519
2,0.887526815939040,0.825007968836439,0.178453210268753,0.211679846116113,1,0.375016500000001,0.006747817706898,0.017556901281301
2,0.323337802022025,0.397328074239450,0.774699119379489,0.658635551694541,1,0.391683900000000,0.005018196951100,0.012351975568216
2,0.582826125138747,0.439193790406323,0.379868746544166,0.434798309881069,2,0.350015400000004,0.003163366652822,0.008940005435613
2,0.341459883489463,0.360847163796380,0.747502863223371,0.708365655711038,1,0.525023099999999,0.005607662349788,0.010557292894579
2,0.565101796540345,0.542625427813817,0.347915238029155,0.352009217666012,2,0.366682800000000,0.003324578081665,0.008691658257503
2,0.466547409824636,0.458877141532943,0.579726978718408,0.577373323957715,2,0.333348000000001,0.003970279893053,0.011503198808183
2,0.302272184446082,0.456599240463579,0.900667281950484,0.816199338247654,2,0.491688300000000,0.004898257767945,0.009782380498227
2,0.234534093915014,0.235212877776670,0.932870433526943,0.868464519936487,1,0.166674000000000,0.003255151441072,0.018676989127002
2,0.258618017167489,0.353652213111128,0.861587057179003,0.778966011437572,1,0.483354600000006,0.004538423409474,0.009159577485743
2,0.599524259786615,0.402424186877369,0.337286940917339,0.470278517940095,3,0.458353500000001,0.011049782598981,0.023644265790012
2,0.457115677691312,0.393282555154963,0.589809478179464,0.599330446436098,1,0.300013200000002,0.008780006481204,0.028306531912671
2,0.794948541764428,0.675621718628717,0.075680351683369,0.100856328882512,2,0.350015399999997,0.003386610960290,0.009617269212738
2,0.537499386211778,0.399877060183741,0.398098778210016,0.479784192491174,3,0.575025300000000,0.007782626468263,0.013392518943765
2,0.511557696469729,0.424476256946559,0.492612925037687,0.473376890931563,2,0.250011000000001,0.003375410523172,0.012781283375581
2,1.103015621511354,0.763682817761307,0.233569190425065,0.353331483841990,2,0.291679500000001,0.003604920776485,0.012168510105198
2,1.077063541395469,0.706813855147011,0.609452005932832,0.719963686078183,2,0.308346899999989,0.004076132818616,0.013110622603761
2,0.576688710836989,0.394898665971489,0.342282689009430,0.457868566641460,2,0.300013200000009,0.005126577177672,0.016636746977935
2,0.651298070908124,0.398091660483336,0.897005691588197,0.876425081658938,1,0.241677299999992,0.003787376387936,0.015375881988252
2,0.686628663137307,0.517601411346000,0.280746978197159,0.355843056082005,1,0.325014300000007,0.004358845041135,0.013119968597526
2,0.674431637670517,0.571443738355338,0.248120642538608,0.295739653671547,1,0.391683900000004,0.003826696143455,0.009530800012674
2,0.677024429349134,0.423338928691859,0.560344799019090,0.686635697547070,3,0.316680599999998,0.003443232635168,0.010723824755981
2,0.353037636857346,0.360620616368204,0.761612340769238,0.747800513859173,2,0.341681699999995,0.003559273934186,0.010165262477185
2,0.389343812390307,0.329698636399450,0.658269117694911,0.673234832573808,2,0.475020900000004,0.004529104644055,0.009315326965880
2,0.376169608237383,0.343964282879011,0.698499044399832,0.687479881241540,1,0.266678400000004,0.003393885671158,0.012139868981929
2,0.126345307628636,0.146774284996784,0.986971505524396,0.950847305268797,1,0.208342500000001,0.003572605233088,0.016482422410811
2,0.580454567087512,0.580398220894880,0.448625955952337,0.392964864032659,2,0.483354599999998,0.005906735966038,0.011989777065418
2,0.268719328281688,0.276707391916518,0.855874188292226,0.810334780324410,1,0.175007699999995,0.003801796199618,0.021173749460658
2,0.359604769443042,0.308860653021591,0.692477662765978,0.711938288513345,2,0.341681699999995,0.003748825547231,0.010702088066197
2,0.536824814813616,0.427950133987344,0.464033416663186,0.532028499365767,1,0.391683900000004,0.003844223138712,0.009589335362400
2,0.877874318018055,0.722190347816910,0.038596928263186,0.073206871135640,2,0.266678400000004,0.003850553396765,0.014031923193398
2,0.353276834677057,0.484022729767964,0.843109772813574,0.750957456998623,1,0.375016500000001,0.006533323507127,0.017111993950208
2,0.235716811596934,0.261230258068946,0.852981786340730,0.777310100572837,2,0.275012099999998,0.003052893608225,0.010492140249527
2,0.743361460871710,0.548680394992726,0.026603150119522,0.088499869745839,2,0.408351300000007,0.007693237935778,0.018475593406837
2,1.142757253877501,1.043316612609302,0.007251218327044,0.020603437345112,1,0.291679500000001,0.009882116652522,0.032724139693758
2,0.973357757133532,0.685153907947594,0.129117672876463,0.242120786897339,3,0.325014299999992,0.005212968588060,0.015847101600767
2,0.512864267095742,0.534764123474234,0.601535095065736,0.574637775795040,1,0.208342500000001,0.004702226798958,0.021623867771080
2,0.723714979255677,0.505420169494556,0.436724190685656,0.519357947341323,2,0.341681700000000,0.006946759567281,0.019984443129373
2,0.201052937956319,0.333166750347915,0.928868567121952,0.839846219509681,1,0.250011000000001,0.003133015413611,0.012140396038351
2,0.559210139300660,0.445312015224666,0.542913927023417,0.566355462653594,2,0.275012100000001,0.003480366736660,0.012416399752104
2,1.974717963976565,1.498356885553821,0.031811401347702,0.075789276500962,2,0.275012100000000,0.004136077820179,0.014876993081615
2,0.783159036861315,0.604815776937864,0.006058990736624,0.039767873459987,6,0.716698200000000,0.011438346539037,0.015771356997314
2,0.561527746250704,0.441082734441885,0.339934144103377,0.395563027892678,2,0.358349100000002,0.003729845853134,0.010262657964308
2,0.767280511518686,0.700698326441681,0.166622459859339,0.173555419100121,2,0.458353500000001,0.004599286643091,0.009967875307285
2,0.616320860391154,0.495396725060754,0.260730735308666,0.302926663276001,2,0.300013200000002,0.003012478823004,0.009978910290812
2,0.496018236900664,0.576277780836625,0.703322299111636,0.640348244379651,1,0.350015399999997,0.006509787554741,0.018029536574111
2,0.152142944459970,0.142245174789950,0.987425807072706,0.949787493554555,1,0.208342500000001,0.003547352367456,0.016532156854755
2,0.385750555032413,0.322799703537458,0.695453101678365,0.687585414418376,1,0.233343599999998,0.003534010299115,0.014871892455961
2,0.391811428149286,0.423497440062109,0.707907853160643,0.671626202287964,1,0.325014299999999,0.006085182340020,0.018151949084284
2,0.603167564279027,0.504273797187436,0.416084762643734,0.475555603465749,1,0.283345799999999,0.007922862385789,0.027114628384278
2,0.709060381573220,0.519525037634385,0.256763760435132,0.348629490744602,2,0.225009900000003,0.003816238968341,0.016435499811022
2,0.922660596976250,0.814799602309266,0.096191744019414,0.141963738370552,1,0.241677300000006,0.004563046893187,0.018261613976048
2,0.452124211624076,0.357718644697801,0.566264617813631,0.609992909788955,3,0.466687199999996,0.006584223638018,0.013808598067189
2,0.137401817703011,0.290963029871306,0.968476029916904,0.894836556445914,1,0.191675099999998,0.005481336920399,0.027608541744072
2,0.315145383635293,0.244098396094900,0.802557143594919,0.854259235887290,2,0.258344700000009,0.003754272429067,0.014052307656990
2,0.269438254436696,0.358504671476429,0.877819675019525,0.823243132469107,1,0.266678399999989,0.006569632341824,0.023927720135752
2,0.682009632146535,0.555690042487633,0.148634243143053,0.209108786270272,2,0.358349099999998,0.006086476145299,0.016602771856027
2,0.788338529726225,0.641837474903770,0.095611557785722,0.157403568877493,3,0.400017600000012,0.008547088913150,0.020946239987846
2,0.514980918959661,0.461070694416265,0.553652753704923,0.595244744035846,1,0.316680599999998,0.003471494711896,0.010659304078534
2,0.459217313119224,0.342309888689221,0.575644917701973,0.659513803628583,3,0.441686099999998,0.006127106338373,0.013637618061369
2,0.474501095468123,0.308284574223383,0.560313229092939,0.660586730041807,1,0.291679500000001,0.003664964679988,0.012219392564281
2,0.589169398602257,0.573270357561094,0.399381555890737,0.388531341405692,1,0.300013199999995,0.005265911288319,0.017244821802001
2,0.709797784573196,0.607687161726666,0.114332224016096,0.132565809068214,1,0.366682799999992,0.003474317970940,0.009450587187144
2,0.316295134337129,0.360890830551978,0.778169128860209,0.733764913696081,3,0.550024199999996,0.008382432252031,0.014931464060107
2,0.321603824756771,0.309058915716140,0.796483498674455,0.780275873876094,2,0.358349099999998,0.005901804199540,0.016107950016764
2,0.479287180707272,0.366811552842213,0.563992294451200,0.603027191867609,2,0.283345799999992,0.003995632182696,0.013536094733997
2,0.574638249429336,0.673785074340418,0.641407749333787,0.535658442259195,1,0.708364500000002,0.007501097220904,0.010369341688824
2,0.523381450014973,0.476325870144446,0.468109533877715,0.465757452905013,1,0.425018699999995,0.003795490320031,0.008835182912686
2,0.415311117223075,0.305764074170455,0.633622252684706,0.703044144628464,2,0.333348000000001,0.005723545938626,0.016853870407796
2,0.428923391439751,0.345973606686542,0.641595251838937,0.707622135535555,2,0.275012099999998,0.003494084959320,0.012283619214347
2,0.270285548615898,0.284172432526274,0.866825326480769,0.840462014378846,2,0.400017600000012,0.006700945858265,0.016495180551885
2,0.538619125675447,0.368897153338511,0.481237793731801,0.602708383846933,2,0.250011000000001,0.006930549441185,0.026881896718351
2,0.289364629637380,0.252747150457352,0.848294597265124,0.847617441270672,1,0.233343599999998,0.004962398450739,0.020594446748230
2,0.288803688353758,0.207464395351130,0.939248079649628,0.904079008817171,1,0.208342500000001,0.004144007079204,0.019268040088065
2,0.408606788125740,0.279810860432685,0.706012408314105,0.766692574947918,2,0.333348000000001,0.003918696088561,0.011489911595304
2,0.512438219324882,0.354848592458690,0.475566154575860,0.536866277515666,3,0.450019799999993,0.005917634814643,0.013082609917247
2,0.359145162594784,0.246656577026071,0.779890402883559,0.826092639742212,1,0.158340300000006,0.003979472551064,0.024028884527734
2,0.380893738026006,0.323116759024748,0.732088675644576,0.706226889131629,3,0.358349099999998,0.006325051499174,0.017332545981219
2,0.571660864585270,0.486021700849257,0.209938272150604,0.208153820050112,2,0.325014300000001,0.003766234627732,0.011064660388137
2,0.465336000087575,0.293350460270072,0.559237245133907,0.658172927426666,5,0.600026400000004,0.006683966432519,0.011016978306074
2,0.379472057235648,0.258490534381945,0.689913907684775,0.750419816598026,4,0.583359000000002,0.013507198219709,0.022832246181488
2,0.629440169439323,0.461211371950738,0.206424830872130,0.291641905784818,3,0.441686099999998,0.005066623885238,0.011383283054640
2,0.482074381788177,0.400871068398392,0.400275982023477,0.437172612919353,2,0.458353500000001,0.004557220517227,0.009644680201519
2,0.336182146415611,0.266398090638025,0.788031620928258,0.765291509763788,1,0.233343599999998,0.003686669034403,0.015579173455536
2,0.658996616753967,0.451846168127719,0.293775578208052,0.399341305047576,3,0.491688300000007,0.007809039085022,0.015652422926994
2,0.598430170073594,0.494676214095999,0.288102302977106,0.294280821455144,3,0.591692700000010,0.009386708162935,0.015628527021343
2,0.647467030278376,0.493982753436576,0.154982792298282,0.235499902696396,3,0.525023099999999,0.007218257947294,0.013453682810498
2,0.558321841856414,0.372426409362337,0.466950036499233,0.563957343063442,3,0.316680599999998,0.003360265034208,0.010555721794296
2,0.600407454104655,0.428499775108331,0.209439170279296,0.308464201520630,4,0.441686099999998,0.007316010553736,0.016426105935199
2,0.609285978692891,0.391797925752446,0.551068040588718,0.650546389911843,2,0.333348000000001,0.007120305941056,0.020950196015762
2,0.406547150331715,0.246760709173664,0.748519733590457,0.823289884248963,2,0.316680599999998,0.003107193916416,0.009592525422539
2,0.532056903797925,0.504684347748173,0.548444175576725,0.564019053346202,1,0.266678400000000,0.003454786585651,0.012612020170181
2,0.205157929879435,0.247220283086107,0.926581382173480,0.891705531873493,1,0.158340300000000,0.003511823911087,0.021107609574260
2,0.499668932797992,0.380407852656584,0.494465838092530,0.562870462240795,2,0.333348000000000,0.003907536595773,0.011267913862884
2,0.469950272948966,0.492031184438159,0.655756228585903,0.641537204278787,1,0.350015399999999,0.003390988079267,0.009463836400664
2,0.693937819392782,0.631622137724627,0.148808482178523,0.161599259115372,1,0.325014299999999,0.003617165046296,0.010714425893519
2,0.323554027398733,0.239856930365501,0.764832831454194,0.790940166173004,3,0.366682800000000,0.004234419949502,0.011208811700507
2,0.162147957429038,0.220617353374754,0.963339445204878,0.893702334099210,1,0.150006600000001,0.003075940180110,0.019877135160458
2,0.407074770430436,0.301181163130687,0.667600397914290,0.711731946498409,2,0.366682800000000,0.010761096604693,0.028711359218567
2,0.374826136143382,0.221966939598913,0.766200499863986,0.820287776473165,4,0.500022000000000,0.007752574600783,0.015225041216286
2,0.409248111949775,0.274035715259520,0.685188272715737,0.761990649596161,1,0.200008799999999,0.003864757588524,0.018558414598746
2,0.227661525845819,0.137614075094002,0.944022215844238,0.950584833708839,1,0.166674000000000,0.004168049940120,0.023652273517824
2,0.415463626365347,0.445531507843851,0.719340759638708,0.674807564816221,1,0.200008799999999,0.003614401841759,0.017516481430027
2,0.223743610738823,0.239807264393158,0.902686368674607,0.864174064564111,1,0.258344699999999,0.003387106811573,0.012657734635963
2,0.248875683100138,0.316943203961243,0.887300756959384,0.850468557761167,1,0.208342500000001,0.003079087220565,0.014205727747386
2,0.849975248202421,0.752257704938941,0.183803021634478,0.229324614856860,1,0.175007699999995,0.003571646767991,0.019694516508248
2,0.556297529333463,0.509060908094512,0.452203402746936,0.458523826479811,2,0.258344700000002,0.004349862865046,0.016259507862079
2,0.503139478542202,0.367697115011029,0.407973987062812,0.509284254132442,2,0.300013200000009,0.003599083579326,0.011672936900366
2,0.392693862125222,0.279085192880981,0.675748787439222,0.745209843855774,3,0.416685000000001,0.005894332080159,0.013832660515805
2,0.369281379214829,0.533282930360544,0.880843394756050,0.754606510396908,1,0.241677299999992,0.005631405746405,0.022334879591007
2,0.312899612665349,0.143902962820409,0.928176182364988,0.957293120208381,1,0.158340299999992,0.003340978843961,0.020395136550024
2,0.493804580702984,0.336455295105234,0.530087007156664,0.624776243372518,2,0.250011000000001,0.004171559553234,0.016062656723640
2,1.060980859349778,0.769498553924654,0.459614331804030,0.483742011590615,1,0.233343600000000,0.003052080375590,0.012912949443954
2,1.546832920120910,1.074599164906727,0.421728103067177,0.502642223028719,2,0.241677300000000,0.003165102816008,0.012962582511109
2,0.538762923105691,0.364087892980331,0.383294847878067,0.462410401628477,8,1.158384300000001,0.018194343959058,0.015594162472937
2,0.460092562882979,0.305474309783272,0.608155858173670,0.676551369000620,3,0.308346900000000,0.003952340855049,0.012463377159866
2,0.437805187813664,0.295660824573178,0.645461019369659,0.700277823292359,4,0.675029700000001,0.014630919088022,0.021348390811601
2,0.479284411694728,0.316059393221100,0.521738236271015,0.644566790636833,2,0.250010999999999,0.004364777647564,0.016805461586449
2,0.500389736099471,0.384674024048540,0.526646044563924,0.596665716805879,1,0.175007700000000,0.004789585813329,0.026203968511806
2,1.136253569521132,0.787354650068000,0.432928515064595,0.501287650454855,3,0.275012099999998,0.003598150804947,0.012971163437007
2,0.623083093338533,0.394791868307085,0.694360337740274,0.754984679177040,4,0.475020900000001,0.006197332299588,0.012963361781526
2,0.897495082748278,0.632449038443992,0.243310931833110,0.318922885125138,4,0.416685000000001,0.004989180509779,0.011933702160447
2,1.324813680228724,0.956328424172485,0.016518023259850,0.068154872988313,4,0.525023099999999,0.007081857285124,0.013399274706952
2,0.653321229723052,0.501684421512700,0.228597348929754,0.262765341770434,7,1.108382100000000,0.021640828939825,0.019438735191712
2,0.217303955687194,0.154506636076095,0.964707274404231,0.945563741557376,1,0.216676200000002,0.004616710182672,0.020697710742394
2,0.897178711924090,0.604764715708949,0.561297651428263,0.593058390170312,5,0.808368900000005,0.011053160796493,0.013592798343617
2,0.774168613540448,0.551185032694117,0.211679680123354,0.268385697519117,9,1.108382100000000,0.018778244247962,0.016845471754445
2,1.311455577980998,1.178189486840416,0.100546621549875,0.086150577353519,7,1.266722399999999,0.049236291587473,0.038617901172557
2,0.472951897585432,0.322813446461074,0.574268736729698,0.676266279860902,1,0.175007700000002,0.008046924602200,0.043628246970473
2,0.386305290044929,0.287538786408407,0.688003559274763,0.710369588749798,1,0.375016500000001,0.008624602384992,0.022460566652082
2,0.702288539947955,0.477712443066889,0.198580654449741,0.325309344015292,7,0.800035200000003,0.010739813319677,0.013306085053481
2,0.343637367470498,0.235161546306960,0.834240031776688,0.830773931730799,1,0.241677299999999,0.004346554039878,0.017200283645440
2,0.186174659650498,0.297244610232400,0.938338540638313,0.862130088880329,1,0.158340299999999,0.003575031417683,0.021400392750061
2,1.008720278625236,0.685036543874644,0.328143209101915,0.429228266878143,3,0.550024199999996,0.008549406465044,0.015418274563630
2,0.462809268008847,0.322573608390029,0.568470893179937,0.609659806878375,10,1.458397500000004,0.029118315257011,0.019908111281365
2,0.800798687773617,0.571448027572494,0.180440020421967,0.241215556987777,5,0.550024199999996,0.007070904425860,0.012790408185009
2,0.482643383173954,0.310330576265916,0.616287057770756,0.690616205847313,2,0.300013200000009,0.003450278685443,0.011418335119325
2,0.811954333336833,0.642145774425993,0.035462531999864,0.073204789796167,5,0.666695999999988,0.019405095395514,0.028687050951881
2,0.711450352548982,0.636890310593975,0.270794335417367,0.312331018796646,1,0.300013200000009,0.008045949178098,0.026041092747249
2,0.406726810901516,0.283451391570040,0.629522655944038,0.694550393377576,7,1.258388699999998,0.025494819298638,0.020105947538234
2,0.990184467831786,0.628622410958630,0.938321903823469,0.948822040994281,1,0.283345800000006,0.003143267547425,0.010968120149374
2,0.591234391699089,0.437875517115988,0.235692054641198,0.298521439044193,9,1.133383199999997,0.023743026942854,0.020852054470584
2,0.481496013659329,0.302771002557012,0.648020962640040,0.702171310000012,11,1.275056100000000,0.025147152852092,0.019627443366337
2,0.617646488449557,0.422284020974524,0.230590690655163,0.352976587941774,4,0.558357900000004,0.008569928246889,0.015131845182066
2,0.929643949467826,0.599703270042283,0.792251271099796,0.820791519903391,1,0.208342500000001,0.003152619791778,0.014897491237762
2,0.889668368436927,0.712010877430287,0.004244031360787,0.031260402846549,2,0.416685000000001,0.011133505250128,0.026133907839207
2,0.692375820910737,0.489612706364444,0.083184603907442,0.204520438427384,2,0.325014300000007,0.006025118485381,0.018083196767009
2,0.891268813681779,0.601921721832760,0.362684821120548,0.456280696163860,6,0.875038500000002,0.018779511977038,0.021334494256673
2,0.815882505200348,0.646162725442773,0.053100301960729,0.109008840564843,3,0.416685000000001,0.008976309321336,0.021063722330836
2,0.491977440726226,0.335398050950886,0.506565915266912,0.604776565109018,3,0.450019800000007,0.011159478633551,0.024332169722757
2,0.681728248420737,0.535304841296511,0.167617137537983,0.238956870876317,2,0.316680600000012,0.004903787660774,0.015026425974813
2,0.735756590331619,0.484694243924828,0.587658264264430,0.630631563413880,7,0.758366699999996,0.013623845123257,0.017843197615915
2,0.700096856735899,0.522638366927199,0.056370878197043,0.093479912907663,7,0.791701500000002,0.012417646427686,0.015619810134847
2,0.445795294239961,0.333272549913774,0.700236701729282,0.706586184333289,2,0.550024200000000,0.006735019353286,0.012097837328687
2,0.376041307040873,0.246486265161596,0.695867427405220,0.775091481668534,4,0.808368900000001,0.026886507921856,0.032929941029107
2,0.405336188704068,0.301351614314948,0.623638103162156,0.652305519715201,6,1.283389800000000,0.028326293596334,0.021955448376285
2,0.717083801264121,0.534805203591591,0.054131686234575,0.089751406468277,9,1.108382100000000,0.028653492055505,0.025672568509695
2,0.460801890266296,0.352612901789496,0.594866146975321,0.645313774664860,1,0.208342500000001,0.003145088321956,0.014661921196529
2,0.507030965764097,0.396821688100307,0.423810826387768,0.452546990180091,2,0.416684999999999,0.005000236081532,0.011928523337595
2,0.455475583081618,0.289481057092039,0.572482850916733,0.667762565275505,5,0.816702600000001,0.012564269229926,0.015294908370121
2,1.024181884501252,0.692167386491505,0.833876675918232,0.777053581941911,1,0.275012099999998,0.003369619703734,0.012121416947008
2,0.769506690406988,0.534958281601093,0.338792159963521,0.397398184593604,7,1.025045100000000,0.017230538390841,0.016712613248220
2,0.599418088438106,0.418705894758235,0.247397295788878,0.382771991631205,3,0.441686100000002,0.009390999710460,0.020847215483203
2,0.696545517464065,0.607667369762040,0.127730841114873,0.131484380462694,2,0.433352400000000,0.004175227798615,0.009613859920140
2,0.540064958566431,0.471980702905477,0.318290506525136,0.318403913845752,2,0.425018699999999,0.003897612808859,0.008832686705372
2,0.598841011253870,0.437499652554632,0.243880917077957,0.295492134875915,4,0.633361200000000,0.008655584878530,0.013591284993875
2,0.801751966625515,0.550156448553495,0.274381072776082,0.376489165832850,4,0.525023099999999,0.007342117096041,0.013825484276080
2,0.856869636828498,0.823162129415995,0.285713510210393,0.311259374971588,1,0.283345799999999,0.003771111291490,0.012943463940016
2,0.703599811242815,0.505104584246718,0.225764532884329,0.300314782364003,3,0.466687199999996,0.007122087705686,0.015157867378355
2,1.115642492045690,0.759982973472741,0.451152594916375,0.519197757557735,3,0.441686099999998,0.007688390323939,0.017248835684202
2,0.586578330508539,0.488945096939395,0.262036203821497,0.258878816375176,3,0.400017600000005,0.003956766992666,0.009891515345827
2,0.494523496532218,0.293106346692917,0.679208944027568,0.764393723573737,9,1.208386499999996,0.021919865816864,0.018030490105997
2,0.840791991281202,0.568595426267667,0.466303858141100,0.519684978650137,6,0.900039600000007,0.015928715986124,0.017612900258278
2,0.469036399111472,0.298437780645960,0.575948297272183,0.656401127306037,7,0.800035200000003,0.014474504454017,0.018003979419823
2,0.321340784260066,0.239706199354795,0.774765958597172,0.811486902416326,4,0.808368900000005,0.009143054402240,0.011201703528152
2,0.344908526494698,0.239070476587102,0.798179690871438,0.779611393512462,2,0.358349099999998,0.005788588612170,0.016008552169601
2,0.696005990296475,0.543105632609162,0.233073607734560,0.322833259791915,2,0.250011000000001,0.003608694554773,0.013893598198260
2,0.560107797414465,0.390298820991830,0.370785426316713,0.499532736484091,3,0.341681699999995,0.004435562119226,0.012728414454579
2,0.894731200378240,0.651045537948046,0.119185493675125,0.181286287095755,5,0.616693799999993,0.010073637927840,0.016214036981140
2,1.438308385148499,1.033194146921432,0.059087950076680,0.133675557439709,2,0.375016500000001,0.005047855359484,0.013380131636139
2,1.024533643844578,0.727877251210043,0.438608572392540,0.457105168016521,2,0.316680599999998,0.003399143571773,0.010583205305006
2,0.466033161506402,0.309746027347121,0.509384480536088,0.600095757260471,9,1.416729000000004,0.022179658349974,0.015578486114165
2,1.136671466055325,0.793121610180058,0.255415244255467,0.358023111940171,3,0.291679500000001,0.004261816361376,0.014426060174590
2,0.834301173921422,0.548265438792446,0.458633685181119,0.548952311394575,8,0.941708100000000,0.018739269501869,0.019791737665666
2,0.664098119803253,0.480204294220848,0.212472059496859,0.282964198023097,4,0.641694900000005,0.013698494160074,0.021100397523820
2,0.684526598210980,0.506599242537694,0.209638694141448,0.285352097960620,4,0.591692699999996,0.011036136278997,0.018497467929838
2,1.376422540736068,1.030505598826593,0.007184707313846,0.042955746811987,3,0.333348000000001,0.005513632852169,0.016323987594054
2,1.284298394423542,0.934644052930783,0.032990138670934,0.100911511301805,3,0.300013200000009,0.005026190657007,0.016567494738494
2,1.203664355840136,0.850378831550895,0.288638679093762,0.384145219940534,2,0.216676199999995,0.004112477626903,0.018629663706042
2,0.958953630579432,0.691091189957605,0.151062138099150,0.248856602103276,2,0.250011000000001,0.003296046517951,0.012894563590308
2,0.973502507436465,0.726894713198386,0.016217907569371,0.074170630346643,3,0.366682800000007,0.006575088683386,0.017728971780876
2,0.700117577450916,0.507660426638081,0.066627887391189,0.152603499344879,3,0.441686099999998,0.008443671698823,0.018736662879622
2,0.622126604560987,0.439905736620646,0.176443395563776,0.267553355974958,4,0.575025299999993,0.007323095530344,0.012666321116830
2,1.133227377313786,0.778449057861606,0.266612751170748,0.411121953253855,3,0.258344699999995,0.003046651234500,0.011593155507156
2,0.635054485703843,0.413862581339730,0.463625098473539,0.567211280673476,8,0.983376600000000,0.016857917234346,0.017023973762978
2,0.541000857429186,0.408257943360380,0.472970215689444,0.478206907334099,7,0.875038500000002,0.019081875983089,0.021681158842333
2,0.946050222424851,0.879114716714221,0.161935726368535,0.198288574763554,2,0.383350199999995,0.035703001970381,0.091103877895352
2,0.216056055487122,0.129606603906916,0.938080100675455,0.947668202132660,1,0.308346900000004,0.028636501361567,0.090348031293732
2,0.487601960886208,0.328670198785316,0.605201771630949,0.676354662120212,2,0.300013199999995,0.009788812916676,0.031826210229540
2,0.489627628968288,0.339658163620137,0.764371691236941,0.763727832141185,2,0.341681700000001,0.004853027886701,0.013969305672405
2,0.698016810884252,0.483774323249874,0.281132257313033,0.359266322833422,6,0.725031899999999,0.012027844810823,0.016433201601053
2,0.389146163903233,0.310053611224874,0.636514438764260,0.667174371683947,2,0.383350200000002,0.004265427495724,0.010715139173505
2,0.501900189953037,0.510893935398305,0.483881226538794,0.431370186202707,1,0.433352400000000,0.003260729270005,0.007228339801077
2,0.335169896818401,0.212722873744307,0.803770414439903,0.840348502595338,1,0.416685000000001,0.008339403813750,0.019634008623241
2,0.334647112305439,0.160467118868507,0.857191149364945,0.915187602564768,5,0.708364499999998,0.011285713925080,0.015791733450546
2,0.752408020760266,0.565158925329384,0.032100114334670,0.081130086774712,7,1.166717999999996,0.022547508576238,0.019230505377589
2,0.376561833991522,0.233073626917449,0.745072675537413,0.789957024273377,3,0.466687200000003,0.007504308962314,0.015888310388094
2,0.690194841988233,0.515335015575320,0.175627087525997,0.274425329154815,3,0.375016500000001,0.005075293302252,0.013162941029245
2,0.728259502200009,0.552214705795796,0.284901887060969,0.321745429986812,6,0.700030800000000,0.011360524495483,0.016136144179295
2,0.525618450258968,0.397184751185364,0.579982623796577,0.581987196948081,3,0.441686099999998,0.006492949717552,0.014469652336008
2,0.567489922376770,0.389556918680927,0.323758013835742,0.426273922105418,5,0.666695999999995,0.009663734323137,0.014306187589137
2,1.264072432040241,0.863167299100084,0.504388227335110,0.571605141670457,2,0.241677299999999,0.003251079167225,0.013279650330883
2,0.467304024725503,0.366922250502573,0.522869781020737,0.580440152504396,4,0.541690499999987,0.007779923584477,0.014039150081165
2,0.589953572721894,0.423972297786975,0.241066004387994,0.314575198155842,4,0.533356800000007,0.007556677005395,0.014058817799141
2,0.892985109023933,0.574386292792571,0.768381512700455,0.807211807613911,2,0.208342500000001,0.003058901101685,0.014484424950116
2,0.975252626969701,0.668415340313035,0.271046833738061,0.381641751365234,4,0.441686099999998,0.007834404903653,0.017540801444687
2,0.677534388151046,0.492272029908561,0.116900426459364,0.220140565335405,5,0.708364500000002,0.015046304197925,0.020968887874293
2,0.542444783231606,0.405222782981517,0.356716957175257,0.401929615386752,3,0.591692699999996,0.012215533510053,0.020466521860671
2,0.579002164554139,0.375374503605243,0.617334902328022,0.683332487908568,1,0.366682800000007,0.006459170234033,0.017310860561824
2,0.654411070436760,0.438089646755817,0.457668336266820,0.535794038136933,4,0.541690500000001,0.005955282428115,0.010860028093824
2,0.337972801812013,0.302609963049687,0.764741277310717,0.774574279265901,1,0.325014300000007,0.003084045132768,0.009253116043132
2,0.546047931856074,0.279740648098232,0.899303285838974,0.955902818834339,2,0.266678400000004,0.004106890760037,0.015133389060753
2,0.363318078519334,0.272868002542997,0.769372897532889,0.749575707339023,1,0.233343599999998,0.003214416418696,0.013305436149021
2,0.547095237870241,0.379439867833763,0.466004582730943,0.519962371954210,5,0.683363399999990,0.012138147113866,0.017639841540090
2,0.315952983087920,0.214397696902596,0.830161305831102,0.818765028590477,3,0.550024199999996,0.008918247161106,0.016092995311271
2,0.418103504903616,0.435667786576093,0.643100708510527,0.599886488399677,1,0.416685000000001,0.003846694231533,0.009098039260260
2,0.736491413711497,0.463252563867313,0.765260158834464,0.797848133634562,3,0.300013199999995,0.003982104839364,0.013055990119962
2,0.700412994152318,0.453366258408265,0.430149304846129,0.557793532440439,4,0.483354599999998,0.006937519031026,0.014170355321355
2,0.552548045734468,0.413221006240179,0.346639649252923,0.396814963212918,4,0.633361199999996,0.011512790274433,0.018054189960433
